<?xml version="1.0" encoding="UTF-8"?>
<sdkExtension
	xmlns="http://www.sap.com/bi/zen/sdk"
	id="com.ta.sample.chatwindow"
	title="Design Studio SDK Extension Sample Chat Window"
	version="16.2"
	vendor="TA">
	
	<group title="Tek Analytics Components " id="TekAnalyticsComponents"/>
	
	<component
		id="chat"
		title="chat"
		tooltip="chat window in Design Studio"
		handlerType="div"
		modes="commons m"
		group="TekAnalyticsComponents"
		>
		<jsInclude>res/js/component.js</jsInclude>
		
	<!-- 	<property
			id="url"
			type="String"
			title="Url To Open by Post"
			group="Display"
			visible="true" />
			
		<property
			id="target"
			type="String"
			title="target window"
			group="Display"
			visible="true" 
			>
			<possibleValue title="current">current</possibleValue>
			<possibleValue title="new">new</possibleValue>
			</property>
	
		<property
			id="trigger"
			type="String"
			title="Just as Simple Triger"
			group="Display"
			visible="false" />
	
		<property
			id="parameters"
			type="String"
			title="Technical proprty for list of parameters (name/value)"
			group="Display"
			visible="false" /> -->
				
		<initialization>
			<defaultValue property="LEFT_MARGIN">40</defaultValue>
			<defaultValue property="TOP_MARGIN">40</defaultValue>
			<defaultValue property="WIDTH">300</defaultValue>
			<defaultValue property="HEIGHT">200</defaultValue>
			
		</initialization>
	
	</component>
</sdkExtension>
