<?xml version="1.0" encoding="UTF-8"?>
<sdkExtension
	xmlns="http://www.sap.com/bi/zen/sdk"
	id="com.sap.sample.simplecrosstabs"
	title="Design Studio SDK Extension Sample Simple Crosstab"
	version="16.2"
	vendor="SAP">
	<component
		id="SimpleCrosstabs"
		title="Simple Crosstab"
		icon="res/icon.png"
    modes="commons m"
		handlerType="div"
		>
		<jsInclude>res/js/component.js</jsInclude>
		
		<property
			id="maxValue"
			title="max Value"
			type="String"
			visible="false"/>
		<property
			id="onSelect"
			title="On Select"
			type="ScriptText"
			group="Events"/>
		<initialization>
			<defaultValue property="LEFT_MARGIN">40</defaultValue>
			<defaultValue property="TOP_MARGIN">40</defaultValue>
			<defaultValue property="WIDTH">150</defaultValue>
			<defaultValue property="HEIGHT">200</defaultValue>
		</initialization>
	</component>
</sdkExtension>
