<?xml version="1.0" encoding="UTF-8"?>
<sdkExtension
	xmlns="http://www.sap.com/bi/zen/sdk"
	id="com.ta.sample.iframe"
	title="Design Studio SDK Extension Sample iframe"
	version="16.2"
	vendor="TA">
	
	<group title="Tek Analytics Components " id="TekAnalyticsComponents"/>
	
	<component
		id="frame"
		title="Iframe"
		tooltip="Iframe"
		handlerType="div"
		modes="commons m"
		group="TekAnalyticsComponents"
		databound="false"
		>
		<jsInclude>res/js/component.js</jsInclude>
		<cssInclude>res/css/iframe.css</cssInclude>
		<property type="String" title="IFrame src URL"
			id="urldimension">
		</property>
		<initialization>
			<defaultValue property="WIDTH">300</defaultValue>
			<defaultValue property="HEIGHT">200</defaultValue>
			<defaultValue property="runtimedata">{}</defaultValue>
			<defaultValue property="urldimension">
				http://www.tek-analytics.com/
			</defaultValue>
		</initialization>
	
	</component>
</sdkExtension>
