<?xml version="1.0" encoding="UTF-8"?>
<sdkExtension
	xmlns="http://www.sap.com/bi/zen/sdk"
	id="com.ta.sample.embeddedframe"
	title="tek-analytics design studio extensions"
	version="16.2"
	vendor="TA">
	<component
	id="EmbeddedFrame"
	title="Embedded Frame 2.0"
	tooltip="Embedded Frame - Include external web pages directly in your application"
	icon="res/EmbeddedFrame/EmbeddedFrame.png"
	handlerType="div"
	propertySheetPath="res/additional_properties_sheet/PropertyPage.html"
	group="Tekanalytics components"
	databound="false"
	modes="commons"
>
	
	<requireJs modes="commons">res/EmbeddedFrame/EmbeddedFrame</requireJs>

	<cssInclude>res/EmbeddedFrame/EmbeddedFrame.css</cssInclude>
	
	
	<property
		id="domainrelaxlevel"
		type="int"
		title="Domain Relax Level"
		group="Display"
		bindable="true"
		visible="true">

	</property>
	<property
		id="skipport"
		type="boolean"
		title="Skip port in domain"
		group="Display"
		bindable="true"
		visible="true">

	</property>
	<property
		id="url"
		type="String"
		title="Url"
		group="Display"
		bindable="true"
		visible="true">

	</property>


	<initialization>
		<defaultValue property="TOP_MARGIN">0</defaultValue>
		<defaultValue property="BOTTOM_MARGIN">auto</defaultValue>
		<defaultValue property="LEFT_MARGIN">0</defaultValue>
		<defaultValue property="RIGHT_MARGIN">auto</defaultValue>
		<defaultValue property="WIDTH">600</defaultValue>
		<defaultValue property="HEIGHT">400</defaultValue>
		
		<defaultValue property="domainrelaxlevel"><![CDATA[0]]></defaultValue>
		<defaultValue property="skipport"><![CDATA[true]]></defaultValue>
		<defaultValue property="url"><![CDATA[]]></defaultValue>

	</initialization>

</component>
</sdkExtension>
