<?xml version="1.0" encoding="UTF-8"?>
<sdkExtension
	xmlns="http://www.sap.com/bi/zen/sdk"
	id="com.ta.sample.iframe"
	title="Tek Analytics Design Studio SDK Extension iframe"
	version="16.2"
	vendor="Tek Analytics"
	eula="Content is free for use and distribution under Apache License Version 2.0. Unless required by applicable law or agreed to in writing, Licensor provides the Work (and each Contributor provides its Contributions) on an &quot;AS IS&quot; BASIS, WITHOUT WARRANTIES OR CONDITIONS OF ANY KIND, either express or implied, including, without limitation, any warranties or conditions of TITLE, NON-INFRINGEMENT, MERCHANTABILITY, or FITNESS FOR A PARTICULAR PURPOSE. You are solely responsible for determining the appropriateness of using or redistributing the Work and assume any risks associated with Your exercise of permissions under this License. For details refer to https://github.com/org-scn-design-studio-community/sdkpackage//blob/master/LICENSE">
	
	
	<group title="Tek Analytics Components " id="TekAnalyticsComponents"/>
	
	<component
		id="frame"
		title="Iframe"
		tooltip="Iframe"
		icon="res/icon.png"
		handlerType="div"
		modes="commons m"
		group="TekAnalyticsComponents"
		databound="false"
		>
		<jsInclude>res/js/component.js</jsInclude>
		<cssInclude>res/css/iframe.css</cssInclude>
		<property type="String" title="IFrame src URL"
			id="urldimension">
		</property>
		<initialization>
			<defaultValue property="WIDTH">300</defaultValue>
			<defaultValue property="HEIGHT">200</defaultValue>
			<defaultValue property="runtimedata">{}</defaultValue>
			<defaultValue property="urldimension">
				http://www.tek-analytics.com/
			</defaultValue>
		</initialization>
	
	</component>
</sdkExtension>
