<?xml version="1.0" encoding="UTF-8"?>
<sdkExtension
	xmlns="http://www.sap.com/bi/zen/sdk"
	id="com.sap.sample.openurl"
	title="Design Studio SDK Extension Sample Open Url"
	version="16.2"
	vendor="SAP">
	<component
		id="Openurl"
		title="Open URL"
		icon="res/icon.png"
		handlerType="div"
		modes="commons m">
		<jsInclude>res/js/component.js</jsInclude>
		
		<property
			id="isRailwayClock"
			title="Railway Clock"
			type="String"
			visible="true"/>
			
	<property
		id="url"
		type="String"
		title="Url To Open by Post"
		group="Display"
		visible="true" />

	<property
		id="trigger"
		type="String"
		title="Just as Simple Triger"
		group="Display"
		visible="false" />

	<property
		id="parameters"
		type="String"
		title="Technical proprty for list of parameters (name/value)"
		group="Display"
		visible="false" />
			
		<initialization>
		<defaultValue property="LEFT_MARGIN">40</defaultValue>
			<defaultValue property="TOP_MARGIN">40</defaultValue>
			<defaultValue property="WIDTH">300</defaultValue>
			<defaultValue property="HEIGHT">200</defaultValue>
		</initialization>
			

	</component>
</sdkExtension>
